"configurationId","datasetId","value","valueText","sequenceCount","expectedRuns","validRuns","missingRuns","invalidRuns","sourceId"
"dm_vio","aqualoc","31.63211275814665","31.63211275814665","17","51","44","3","4","sr"
"kimera_vio_mono","aqualoc","4.087085579963878","4.087085579963878","17","51","49","0","2","sr"
"okvis2x_mono","aqualoc","35.68500411414035","35.68500411414035","17","51","51","0","0","sr"
"open_vins_mono","aqualoc","79.8817013263186","79.8817013263186","17","51","51","0","0","sr"
"orb_slam3_mono","aqualoc","46.35862579522887","46.35862579522887","17","51","48","3","0","sr"
"rovio","aqualoc","73.60962419776124","73.60962419776124","17","51","51","0","0","sr"
"sqrtvins_mono","aqualoc","94.60727610277218","94.60727610277218","17","51","51","0","0","sr"
"svo_mono","aqualoc","88.84805882505168","88.84805882505168","17","51","51","0","0","sr"
"vins-fusion_monoimu","aqualoc","63.65005157467952","63.65005157467952","17","51","48","0","3","sr"
"airslam","euroc","95.08263631935343","95.08263631935343","11","33","33","0","0","sr"
"basalt_stereo","euroc","99.97698063846077","99.97698063846077","11","33","33","0","0","sr"
"dm_vio","euroc","79.77040255947419","79.77040255947419","11","33","33","0","0","sr"
"kimera_vio_mono","euroc","80.88355290316964","80.88355290316964","11","33","33","0","0","sr"
"kimera_vio_stereo","euroc","90.50787157434841","90.50787157434841","11","33","33","0","0","sr"
"okvis2x_mono","euroc","99.89274853952988","99.89274853952988","11","33","33","0","0","sr"
"okvis2x_stereo","euroc","99.99620717653897","99.99620717653897","11","33","33","0","0","sr"
"open_vins_mono","euroc","96.9871530366141","96.9871530366141","11","33","33","0","0","sr"
"open_vins_stereo","euroc","96.99416633928878","96.99416633928878","11","33","33","0","0","sr"
"orb_slam3_mono","euroc","88.20562471060431","88.20562471060431","11","33","32","1","0","sr"
"orb_slam3_stereo","euroc","96.15604991429585","96.15604991429585","11","33","33","0","0","sr"
"rovio","euroc","97.40175987684853","97.40175987684853","11","33","33","0","0","sr"
"sqrtvins_mono","euroc","97.38260747919952","97.38260747919952","11","33","33","0","0","sr"
"sqrtvins_stereo","euroc","98.26452160962263","98.26452160962263","11","33","33","0","0","sr"
"svo_mono","euroc","80.14978246335231","80.14978246335231","11","33","33","0","0","sr"
"svo_stereo","euroc","99.86294061606041","99.86294061606041","11","33","33","0","0","sr"
"vins-fusion_monoimu","euroc","87.94500684636313","87.94500684636313","11","33","33","0","0","sr"
"vins-fusion_stereoimu","euroc","99.03998255120715","99.03998255120715","11","33","33","0","0","sr"
"airslam","grandtour","85.55558973077741","85.55558973077741","34","102","102","0","0","sr"
"basalt_stereo","grandtour","74.22166898347346","74.22166898347346","34","102","78","24","0","sr"
"dm_vio","grandtour","55.325391797958005","55.325391797958005","34","102","99","3","0","sr"
"kimera_vio_mono","grandtour","66.03766751670007","66.03766751670007","34","102","102","0","0","sr"
"kimera_vio_stereo","grandtour","55.792511751730636","55.792511751730636","34","102","102","0","0","sr"
"okvis2x_mono","grandtour","85.37210742416485","85.37210742416485","34","102","101","0","1","sr"
"okvis2x_stereo","grandtour","99.52099860317968","99.52099860317968","34","102","102","0","0","sr"
"open_vins_mono","grandtour","90.70045782143441","90.70045782143441","34","102","99","3","0","sr"
"open_vins_stereo","grandtour","85.0510866881964","85.0510866881964","34","102","99","3","0","sr"
"orb_slam3_mono","grandtour","42.91138458206742","42.91138458206742","34","102","92","10","0","sr"
"orb_slam3_stereo","grandtour","27.719172706287434","27.719172706287434","34","102","97","5","0","sr"
"rovio","grandtour","88.03492635205131","88.03492635205131","34","102","102","0","0","sr"
"sqrtvins_mono","grandtour","97.11183418301783","97.11183418301783","34","102","102","0","0","sr"
"sqrtvins_stereo","grandtour","96.89873677528387","96.89873677528387","34","102","102","0","0","sr"
"svo_mono","grandtour","74.18155292328404","74.18155292328404","34","102","102","0","0","sr"
"svo_stereo","grandtour","93.9013911482463","93.9013911482463","34","102","102","0","0","sr"
"vins-fusion_monoimu","grandtour","75.83602516343431","75.83602516343431","34","102","102","0","0","sr"
"vins-fusion_stereoimu","grandtour","89.28734531593292","89.28734531593292","34","102","102","0","0","sr"
"dm_vio","lamaria","2.091907649208079","2.091907649208079","21","63","35","27","1","sr"
"kimera_vio_mono","lamaria","74.2054071276757","74.2054071276757","21","63","63","0","0","sr"
"okvis2x_mono","lamaria","67.61635391182537","67.61635391182537","21","63","54","9","0","sr"
"open_vins_mono","lamaria","87.69181165963853","87.69181165963853","21","63","63","0","0","sr"
"orb_slam3_mono","lamaria","42.6001786634306","42.6001786634306","21","63","44","19","0","sr"
"rovio","lamaria","81.33579724506743","81.33579724506743","21","63","63","0","0","sr"
"sqrtvins_mono","lamaria","99.66876003256344","99.66876003256344","21","63","63","0","0","sr"
"svo_mono","lamaria","75.77511835949842","75.77511835949842","21","63","62","1","0","sr"
"vins-fusion_monoimu","lamaria","63.80150655832042","63.80150655832042","21","63","63","0","0","sr"
"airslam","uzh-fpv","98.49524469112052","98.49524469112052","15","45","45","0","0","sr"
"basalt_stereo","uzh-fpv","46.666563306369326","46.666563306369326","15","45","21","24","0","sr"
"dm_vio","uzh-fpv","71.84122671660433","71.84122671660433","15","45","39","6","0","sr"
"kimera_vio_mono","uzh-fpv","99.44401447363114","99.44401447363114","15","45","45","0","0","sr"
"kimera_vio_stereo","uzh-fpv","99.44943334408505","99.44943334408505","15","45","45","0","0","sr"
"okvis2x_mono","uzh-fpv","79.99978263426686","79.99978263426686","15","45","36","9","0","sr"
"okvis2x_stereo","uzh-fpv","79.91815312264929","79.91815312264929","15","45","36","9","0","sr"
"open_vins_mono","uzh-fpv","99.99975292633226","99.99975292633226","15","45","45","0","0","sr"
"open_vins_stereo","uzh-fpv","99.99974493059337","99.99974493059337","15","45","45","0","0","sr"
"orb_slam3_mono","uzh-fpv","46.296105012217446","46.296105012217446","15","45","24","20","1","sr"
"orb_slam3_stereo","uzh-fpv","73.585150564008","73.585150564008","15","45","42","3","0","sr"
"rovio","uzh-fpv","99.99976549164175","99.99976549164175","15","45","45","0","0","sr"
"sqrtvins_mono","uzh-fpv","99.99975164460979","99.99975164460979","15","45","45","0","0","sr"
"sqrtvins_stereo","uzh-fpv","99.9997488478236","99.9997488478236","15","45","45","0","0","sr"
"svo_mono","uzh-fpv","99.00444571380746","99.00444571380746","15","45","45","0","0","sr"
"svo_stereo","uzh-fpv","99.61214441148992","99.61214441148992","15","45","45","0","0","sr"
"vins-fusion_monoimu","uzh-fpv","95.11265032590283","95.11265032590283","15","45","45","0","0","sr"
"vins-fusion_stereoimu","uzh-fpv","99.19873189575534","99.19873189575534","15","45","45","0","0","sr"
